{
    "type": "minecraft:chest",
    "pools": [
        {
            "bonus_rolls": 0.0,
            "entries": [
                {
                    "type": "minecraft:item",
                    "name": "diamond"
                },
                {
                    "type": "minecraft:item",
                    "name": "stick"
                },
                {
                    "type": "minecraft:item",
                    "name": "crafting_table"
                },
                {
                    "type": "minecraft:item",
                    "name": "bread"
                },
                {
                    "type": "minecraft:item",
                    "name": "cooked_porkchop"
                },
                {
                    "type": "minecraft:item",
                    "name": "gold_ingot"
                },
                {
                    "type": "minecraft:item",
                    "name": "emerald"
                }
            ],
            "rolls": 1.0
        }
    ],
    "random_sequence": "sever:chests/items"
}